--------------------------------------------------------
--  File created - пятница-мая-13-2016   
--------------------------------------------------------
--------------------------------------------------------
--  DDL for Table BASCKET
--------------------------------------------------------

  CREATE TABLE "WIKS"."BASCKET" 
   (	"BASCKETID" NUMBER(*,0), 
	"PHONE" NUMBER(*,0), 
	"USERID" NUMBER
   ) SEGMENT CREATION IMMEDIATE 
  PCTFREE 10 PCTUSED 40 INITRANS 1 MAXTRANS 255 NOCOMPRESS LOGGING
  STORAGE(INITIAL 65536 NEXT 1048576 MINEXTENTS 1 MAXEXTENTS 2147483645
  PCTINCREASE 0 FREELISTS 1 FREELIST GROUPS 1 BUFFER_POOL DEFAULT FLASH_CACHE DEFAULT CELL_FLASH_CACHE DEFAULT)
  TABLESPACE "SYSTEM" ;
--------------------------------------------------------
--  DDL for Table CATEGORIES
--------------------------------------------------------

  CREATE TABLE "WIKS"."CATEGORIES" 
   (	"CATEGORYID" NUMBER(*,0), 
	"CATEGORYNAME" VARCHAR2(150 BYTE)
   ) SEGMENT CREATION IMMEDIATE 
  PCTFREE 10 PCTUSED 40 INITRANS 1 MAXTRANS 255 NOCOMPRESS LOGGING
  STORAGE(INITIAL 65536 NEXT 1048576 MINEXTENTS 1 MAXEXTENTS 2147483645
  PCTINCREASE 0 FREELISTS 1 FREELIST GROUPS 1 BUFFER_POOL DEFAULT FLASH_CACHE DEFAULT CELL_FLASH_CACHE DEFAULT)
  TABLESPACE "SYSTEM" ;
--------------------------------------------------------
--  DDL for Table GUEST
--------------------------------------------------------

  CREATE TABLE "WIKS"."GUEST" 
   (	"GUESTID" NUMBER(*,0), 
	"CATEGORYID" NUMBER(*,0)
   ) SEGMENT CREATION IMMEDIATE 
  PCTFREE 10 PCTUSED 40 INITRANS 1 MAXTRANS 255 NOCOMPRESS LOGGING
  STORAGE(INITIAL 65536 NEXT 1048576 MINEXTENTS 1 MAXEXTENTS 2147483645
  PCTINCREASE 0 FREELISTS 1 FREELIST GROUPS 1 BUFFER_POOL DEFAULT FLASH_CACHE DEFAULT CELL_FLASH_CACHE DEFAULT)
  TABLESPACE "SYSTEM" ;
--------------------------------------------------------
--  DDL for Table ITEMINBASCKET
--------------------------------------------------------

  CREATE TABLE "WIKS"."ITEMINBASCKET" 
   (	"ITEMINBASCKETID" NUMBER(*,0), 
	"BASCKETID" NUMBER(*,0), 
	"ITEMID" NUMBER(*,0)
   ) SEGMENT CREATION IMMEDIATE 
  PCTFREE 10 PCTUSED 40 INITRANS 1 MAXTRANS 255 NOCOMPRESS LOGGING
  STORAGE(INITIAL 65536 NEXT 1048576 MINEXTENTS 1 MAXEXTENTS 2147483645
  PCTINCREASE 0 FREELISTS 1 FREELIST GROUPS 1 BUFFER_POOL DEFAULT FLASH_CACHE DEFAULT CELL_FLASH_CACHE DEFAULT)
  TABLESPACE "SYSTEM" ;
--------------------------------------------------------
--  DDL for Table ITEMORDER
--------------------------------------------------------

  CREATE TABLE "WIKS"."ITEMORDER" 
   (	"ORDERID" NUMBER(*,0), 
	"ITEMINBASCKETID" NUMBER(*,0), 
	"ITEMORDERID" NUMBER
   ) SEGMENT CREATION IMMEDIATE 
  PCTFREE 10 PCTUSED 40 INITRANS 1 MAXTRANS 255 NOCOMPRESS LOGGING
  STORAGE(INITIAL 65536 NEXT 1048576 MINEXTENTS 1 MAXEXTENTS 2147483645
  PCTINCREASE 0 FREELISTS 1 FREELIST GROUPS 1 BUFFER_POOL DEFAULT FLASH_CACHE DEFAULT CELL_FLASH_CACHE DEFAULT)
  TABLESPACE "SYSTEM" ;
--------------------------------------------------------
--  DDL for Table ITEMS
--------------------------------------------------------

  CREATE TABLE "WIKS"."ITEMS" 
   (	"ITEMID" NUMBER(*,0), 
	"ITEMNAME" VARCHAR2(150 BYTE), 
	"PRISELISTID" NUMBER(*,0), 
	"SUPPLIERID" NUMBER(*,0), 
	"CATEGORYID" NUMBER(*,0)
   ) SEGMENT CREATION IMMEDIATE 
  PCTFREE 10 PCTUSED 40 INITRANS 1 MAXTRANS 255 NOCOMPRESS LOGGING
  STORAGE(INITIAL 65536 NEXT 1048576 MINEXTENTS 1 MAXEXTENTS 2147483645
  PCTINCREASE 0 FREELISTS 1 FREELIST GROUPS 1 BUFFER_POOL DEFAULT FLASH_CACHE DEFAULT CELL_FLASH_CACHE DEFAULT)
  TABLESPACE "SYSTEM" ;
--------------------------------------------------------
--  DDL for Table MANAGERS
--------------------------------------------------------

  CREATE TABLE "WIKS"."MANAGERS" 
   (	"MANAGERID" NUMBER(*,0), 
	"FULLNAME" VARCHAR2(150 BYTE), 
	"LOGIN" VARCHAR2(150 BYTE), 
	"PASSWORDMN" VARCHAR2(150 BYTE), 
	"EMAIL" VARCHAR2(150 BYTE), 
	"PHONE" VARCHAR2(150 BYTE)
   ) SEGMENT CREATION IMMEDIATE 
  PCTFREE 10 PCTUSED 40 INITRANS 1 MAXTRANS 255 NOCOMPRESS LOGGING
  STORAGE(INITIAL 65536 NEXT 1048576 MINEXTENTS 1 MAXEXTENTS 2147483645
  PCTINCREASE 0 FREELISTS 1 FREELIST GROUPS 1 BUFFER_POOL DEFAULT FLASH_CACHE DEFAULT CELL_FLASH_CACHE DEFAULT)
  TABLESPACE "SYSTEM" ;
--------------------------------------------------------
--  DDL for Table ORDERS
--------------------------------------------------------

  CREATE TABLE "WIKS"."ORDERS" 
   (	"ORDERID" NUMBER(*,0), 
	"BASCKETID" NUMBER(*,0), 
	"STOCKID" NUMBER(*,0), 
	"MANEGERID" NUMBER(*,0), 
	"ORDERDATA" DATE, 
	"ARRIVEDATA" DATE, 
	"INVOICENUMBER" VARCHAR2(100 BYTE), 
	"SUMM" NUMBER(*,0)
   ) SEGMENT CREATION IMMEDIATE 
  PCTFREE 10 PCTUSED 40 INITRANS 1 MAXTRANS 255 NOCOMPRESS LOGGING
  STORAGE(INITIAL 65536 NEXT 1048576 MINEXTENTS 1 MAXEXTENTS 2147483645
  PCTINCREASE 0 FREELISTS 1 FREELIST GROUPS 1 BUFFER_POOL DEFAULT FLASH_CACHE DEFAULT CELL_FLASH_CACHE DEFAULT)
  TABLESPACE "SYSTEM" ;
--------------------------------------------------------
--  DDL for Table PRISELIST
--------------------------------------------------------

  CREATE TABLE "WIKS"."PRISELIST" 
   (	"PRISELISTID" NUMBER(*,0), 
	"PRISE" NUMBER(*,0), 
	"PRISEDATE" DATE
   ) SEGMENT CREATION IMMEDIATE 
  PCTFREE 10 PCTUSED 40 INITRANS 1 MAXTRANS 255 NOCOMPRESS LOGGING
  STORAGE(INITIAL 65536 NEXT 1048576 MINEXTENTS 1 MAXEXTENTS 2147483645
  PCTINCREASE 0 FREELISTS 1 FREELIST GROUPS 1 BUFFER_POOL DEFAULT FLASH_CACHE DEFAULT CELL_FLASH_CACHE DEFAULT)
  TABLESPACE "SYSTEM" ;
--------------------------------------------------------
--  DDL for Table STOCK
--------------------------------------------------------

  CREATE TABLE "WIKS"."STOCK" 
   (	"STOCKID" NUMBER(*,0), 
	"ADRESS" VARCHAR2(200 BYTE), 
	"PHONE" VARCHAR2(20 BYTE)
   ) SEGMENT CREATION IMMEDIATE 
  PCTFREE 10 PCTUSED 40 INITRANS 1 MAXTRANS 255 NOCOMPRESS LOGGING
  STORAGE(INITIAL 65536 NEXT 1048576 MINEXTENTS 1 MAXEXTENTS 2147483645
  PCTINCREASE 0 FREELISTS 1 FREELIST GROUPS 1 BUFFER_POOL DEFAULT FLASH_CACHE DEFAULT CELL_FLASH_CACHE DEFAULT)
  TABLESPACE "SYSTEM" ;
--------------------------------------------------------
--  DDL for Table SUPPLIERS
--------------------------------------------------------

  CREATE TABLE "WIKS"."SUPPLIERS" 
   (	"SUPPLIERID" NUMBER(*,0), 
	"SUPPLIERNAME" VARCHAR2(50 BYTE), 
	"SUPPLYITEMCOST" NUMBER(*,0), 
	"ADRESS" VARCHAR2(150 BYTE), 
	"PHONE" VARCHAR2(20 BYTE)
   ) SEGMENT CREATION IMMEDIATE 
  PCTFREE 10 PCTUSED 40 INITRANS 1 MAXTRANS 255 NOCOMPRESS LOGGING
  STORAGE(INITIAL 65536 NEXT 1048576 MINEXTENTS 1 MAXEXTENTS 2147483645
  PCTINCREASE 0 FREELISTS 1 FREELIST GROUPS 1 BUFFER_POOL DEFAULT FLASH_CACHE DEFAULT CELL_FLASH_CACHE DEFAULT)
  TABLESPACE "SYSTEM" ;
--------------------------------------------------------
--  DDL for Table USERINF
--------------------------------------------------------

  CREATE TABLE "WIKS"."USERINF" 
   (	"USERINFID" NUMBER(*,0), 
	"FULLNAME" VARCHAR2(100 BYTE), 
	"ADRESS" VARCHAR2(100 BYTE), 
	"PHONE" VARCHAR2(100 BYTE), 
	"USERID" NUMBER
   ) SEGMENT CREATION IMMEDIATE 
  PCTFREE 10 PCTUSED 40 INITRANS 1 MAXTRANS 255 NOCOMPRESS LOGGING
  STORAGE(INITIAL 65536 NEXT 1048576 MINEXTENTS 1 MAXEXTENTS 2147483645
  PCTINCREASE 0 FREELISTS 1 FREELIST GROUPS 1 BUFFER_POOL DEFAULT FLASH_CACHE DEFAULT CELL_FLASH_CACHE DEFAULT)
  TABLESPACE "SYSTEM" ;
--------------------------------------------------------
--  DDL for Table USERSS
--------------------------------------------------------

  CREATE TABLE "WIKS"."USERSS" 
   (	"USERID" NUMBER(*,0), 
	"LOGIN" VARCHAR2(150 BYTE), 
	"USERPASSWORD" VARCHAR2(150 BYTE), 
	"EMAIL" VARCHAR2(150 BYTE)
   ) SEGMENT CREATION IMMEDIATE 
  PCTFREE 10 PCTUSED 40 INITRANS 1 MAXTRANS 255 NOCOMPRESS LOGGING
  STORAGE(INITIAL 65536 NEXT 1048576 MINEXTENTS 1 MAXEXTENTS 2147483645
  PCTINCREASE 0 FREELISTS 1 FREELIST GROUPS 1 BUFFER_POOL DEFAULT FLASH_CACHE DEFAULT CELL_FLASH_CACHE DEFAULT)
  TABLESPACE "SYSTEM" ;
REM INSERTING into WIKS.BASCKET
SET DEFINE OFF;
Insert into WIKS.BASCKET (BASCKETID,PHONE,USERID) values ('100','12345678','0');
REM INSERTING into WIKS.CATEGORIES
SET DEFINE OFF;
Insert into WIKS.CATEGORIES (CATEGORYID,CATEGORYNAME) values ('1','Одежда');
Insert into WIKS.CATEGORIES (CATEGORYID,CATEGORYNAME) values ('2','Еда');
Insert into WIKS.CATEGORIES (CATEGORYID,CATEGORYNAME) values ('3','Обувь');
Insert into WIKS.CATEGORIES (CATEGORYID,CATEGORYNAME) values ('4','Фрукты');
Insert into WIKS.CATEGORIES (CATEGORYID,CATEGORYNAME) values ('5','Косметика');
Insert into WIKS.CATEGORIES (CATEGORYID,CATEGORYNAME) values ('6','Бытовая химия');
Insert into WIKS.CATEGORIES (CATEGORYID,CATEGORYNAME) values ('7','Книги');
Insert into WIKS.CATEGORIES (CATEGORYID,CATEGORYNAME) values ('0','Test');
REM INSERTING into WIKS.GUEST
SET DEFINE OFF;
Insert into WIKS.GUEST (GUESTID,CATEGORYID) values ('1','2');
Insert into WIKS.GUEST (GUESTID,CATEGORYID) values ('2','7');
Insert into WIKS.GUEST (GUESTID,CATEGORYID) values ('3','1');
Insert into WIKS.GUEST (GUESTID,CATEGORYID) values ('4','3');
REM INSERTING into WIKS.ITEMINBASCKET
SET DEFINE OFF;
REM INSERTING into WIKS.ITEMORDER
SET DEFINE OFF;
REM INSERTING into WIKS.ITEMS
SET DEFINE OFF;
Insert into WIKS.ITEMS (ITEMID,ITEMNAME,PRISELISTID,SUPPLIERID,CATEGORYID) values ('1','Банан','3','2','4');
Insert into WIKS.ITEMS (ITEMID,ITEMNAME,PRISELISTID,SUPPLIERID,CATEGORYID) values ('2','Тушь черная','4','5','5');
Insert into WIKS.ITEMS (ITEMID,ITEMNAME,PRISELISTID,SUPPLIERID,CATEGORYID) values ('3','Книга - Гарри Поттер и Орден Феникса','4','2','7');
Insert into WIKS.ITEMS (ITEMID,ITEMNAME,PRISELISTID,SUPPLIERID,CATEGORYID) values ('4','Моющее средство Коммит с ароматом яблока','3','4','6');
Insert into WIKS.ITEMS (ITEMID,ITEMNAME,PRISELISTID,SUPPLIERID,CATEGORYID) values ('0','qwe','2','1','0');
REM INSERTING into WIKS.MANAGERS
SET DEFINE OFF;
Insert into WIKS.MANAGERS (MANAGERID,FULLNAME,LOGIN,PASSWORDMN,EMAIL,PHONE) values ('1','Хомка Виктор Александрович','khomcka76','987654321*','khomcka76@tut.by','+375 29 236 55 78');
Insert into WIKS.MANAGERS (MANAGERID,FULLNAME,LOGIN,PASSWORDMN,EMAIL,PHONE) values ('2','Алексин Роман Игоревич','roma93','roman23','roma93@tut.by','+375 33 123 74 78');
Insert into WIKS.MANAGERS (MANAGERID,FULLNAME,LOGIN,PASSWORDMN,EMAIL,PHONE) values ('3','Пупкин Анатолий Витальевич','pupkin_man','123456','pupkintolya@tut.by','+375 29 741 11 22');
Insert into WIKS.MANAGERS (MANAGERID,FULLNAME,LOGIN,PASSWORDMN,EMAIL,PHONE) values ('4','Азарова Алина Сергеевна','alinka_malinka','19081996','alinka_malinka@tut.by','+375 33 456 77 87');
REM INSERTING into WIKS.ORDERS
SET DEFINE OFF;
Insert into WIKS.ORDERS (ORDERID,BASCKETID,STOCKID,MANEGERID,ORDERDATA,ARRIVEDATA,INVOICENUMBER,SUMM) values ('1790904721','100','3','2',to_date('13.05.16','DD.MM.RR'),to_date('27.05.16','DD.MM.RR'),'a1db04792724','262000');
Insert into WIKS.ORDERS (ORDERID,BASCKETID,STOCKID,MANEGERID,ORDERDATA,ARRIVEDATA,INVOICENUMBER,SUMM) values ('1670897806','100','1','1',to_date('13.05.16','DD.MM.RR'),to_date('27.05.16','DD.MM.RR'),'e2eaf0452bbf','75000');
REM INSERTING into WIKS.PRISELIST
SET DEFINE OFF;
Insert into WIKS.PRISELIST (PRISELISTID,PRISE,PRISEDATE) values ('1','90000',to_date('22.03.16','DD.MM.RR'));
Insert into WIKS.PRISELIST (PRISELISTID,PRISE,PRISEDATE) values ('2','112000',to_date('23.03.16','DD.MM.RR'));
Insert into WIKS.PRISELIST (PRISELISTID,PRISE,PRISEDATE) values ('3','75000',to_date('24.03.16','DD.MM.RR'));
Insert into WIKS.PRISELIST (PRISELISTID,PRISE,PRISEDATE) values ('4','11200',to_date('25.03.16','DD.MM.RR'));
REM INSERTING into WIKS.STOCK
SET DEFINE OFF;
Insert into WIKS.STOCK (STOCKID,ADRESS,PHONE) values ('1','г.Минск ул.Мирная 13','+375 29 777 66 55');
Insert into WIKS.STOCK (STOCKID,ADRESS,PHONE) values ('2','г.Жлобин ул.Летчиков 67','+375 29 601 23 12');
Insert into WIKS.STOCK (STOCKID,ADRESS,PHONE) values ('3','г.Орша ул.Ленина 18','+375 29 123 45 67');
Insert into WIKS.STOCK (STOCKID,ADRESS,PHONE) values ('4','г.Гудогай ул.Пограничная 8','+375 33 144 11 32');
Insert into WIKS.STOCK (STOCKID,ADRESS,PHONE) values ('5','г.Фаниполь ул.Пушкорева 3','+375 33 456 78 93');
REM INSERTING into WIKS.SUPPLIERS
SET DEFINE OFF;
Insert into WIKS.SUPPLIERS (SUPPLIERID,SUPPLIERNAME,SUPPLYITEMCOST,ADRESS,PHONE) values ('1','ООО Крутяк','77088','г.Мохнач ул.Глубокая 1','+375 55 555 35 35');
Insert into WIKS.SUPPLIERS (SUPPLIERID,SUPPLIERNAME,SUPPLYITEMCOST,ADRESS,PHONE) values ('2','ИП Кружок','55000','г.Кричев ул.Михайловская 18','+375 29 666 33 01');
Insert into WIKS.SUPPLIERS (SUPPLIERID,SUPPLIERNAME,SUPPLYITEMCOST,ADRESS,PHONE) values ('3','ИП Фундамент','85000','г.Пинск ул.Фролова 2','+375 29 120 12 01');
Insert into WIKS.SUPPLIERS (SUPPLIERID,SUPPLIERNAME,SUPPLYITEMCOST,ADRESS,PHONE) values ('4','ИП Пингвин','120000','г.Минск ул.Кальварийская 8','+375 29 478 31 74');
Insert into WIKS.SUPPLIERS (SUPPLIERID,SUPPLIERNAME,SUPPLYITEMCOST,ADRESS,PHONE) values ('5','ИП Сандерс','18000','г.Могилев ул.Фрунзе 1','+375 33 666 11 91');
REM INSERTING into WIKS.USERINF
SET DEFINE OFF;
REM INSERTING into WIKS.USERSS
SET DEFINE OFF;
Insert into WIKS.USERSS (USERID,LOGIN,USERPASSWORD,EMAIL) values ('0','test@test.q','qwer1234','test@test.q');
--------------------------------------------------------
--  DDL for Index BS_PK
--------------------------------------------------------

  CREATE UNIQUE INDEX "WIKS"."BS_PK" ON "WIKS"."BASCKET" ("BASCKETID") 
  PCTFREE 10 INITRANS 2 MAXTRANS 255 COMPUTE STATISTICS 
  STORAGE(INITIAL 65536 NEXT 1048576 MINEXTENTS 1 MAXEXTENTS 2147483645
  PCTINCREASE 0 FREELISTS 1 FREELIST GROUPS 1 BUFFER_POOL DEFAULT FLASH_CACHE DEFAULT CELL_FLASH_CACHE DEFAULT)
  TABLESPACE "SYSTEM" ;
--------------------------------------------------------
--  DDL for Index CT_PK
--------------------------------------------------------

  CREATE UNIQUE INDEX "WIKS"."CT_PK" ON "WIKS"."CATEGORIES" ("CATEGORYID") 
  PCTFREE 10 INITRANS 2 MAXTRANS 255 COMPUTE STATISTICS 
  STORAGE(INITIAL 65536 NEXT 1048576 MINEXTENTS 1 MAXEXTENTS 2147483645
  PCTINCREASE 0 FREELISTS 1 FREELIST GROUPS 1 BUFFER_POOL DEFAULT FLASH_CACHE DEFAULT CELL_FLASH_CACHE DEFAULT)
  TABLESPACE "SYSTEM" ;
--------------------------------------------------------
--  DDL for Index GS_PK
--------------------------------------------------------

  CREATE UNIQUE INDEX "WIKS"."GS_PK" ON "WIKS"."GUEST" ("GUESTID") 
  PCTFREE 10 INITRANS 2 MAXTRANS 255 COMPUTE STATISTICS 
  STORAGE(INITIAL 65536 NEXT 1048576 MINEXTENTS 1 MAXEXTENTS 2147483645
  PCTINCREASE 0 FREELISTS 1 FREELIST GROUPS 1 BUFFER_POOL DEFAULT FLASH_CACHE DEFAULT CELL_FLASH_CACHE DEFAULT)
  TABLESPACE "SYSTEM" ;
--------------------------------------------------------
--  DDL for Index IIB_PK
--------------------------------------------------------

  CREATE UNIQUE INDEX "WIKS"."IIB_PK" ON "WIKS"."ITEMINBASCKET" ("ITEMINBASCKETID") 
  PCTFREE 10 INITRANS 2 MAXTRANS 255 COMPUTE STATISTICS 
  STORAGE(INITIAL 65536 NEXT 1048576 MINEXTENTS 1 MAXEXTENTS 2147483645
  PCTINCREASE 0 FREELISTS 1 FREELIST GROUPS 1 BUFFER_POOL DEFAULT FLASH_CACHE DEFAULT CELL_FLASH_CACHE DEFAULT)
  TABLESPACE "SYSTEM" ;
--------------------------------------------------------
--  DDL for Index IO_PK
--------------------------------------------------------

  CREATE UNIQUE INDEX "WIKS"."IO_PK" ON "WIKS"."ITEMORDER" ("ITEMORDERID") 
  PCTFREE 10 INITRANS 2 MAXTRANS 255 COMPUTE STATISTICS 
  STORAGE(INITIAL 65536 NEXT 1048576 MINEXTENTS 1 MAXEXTENTS 2147483645
  PCTINCREASE 0 FREELISTS 1 FREELIST GROUPS 1 BUFFER_POOL DEFAULT FLASH_CACHE DEFAULT CELL_FLASH_CACHE DEFAULT)
  TABLESPACE "SYSTEM" ;
--------------------------------------------------------
--  DDL for Index IT_PK
--------------------------------------------------------

  CREATE UNIQUE INDEX "WIKS"."IT_PK" ON "WIKS"."ITEMS" ("ITEMID") 
  PCTFREE 10 INITRANS 2 MAXTRANS 255 COMPUTE STATISTICS 
  STORAGE(INITIAL 65536 NEXT 1048576 MINEXTENTS 1 MAXEXTENTS 2147483645
  PCTINCREASE 0 FREELISTS 1 FREELIST GROUPS 1 BUFFER_POOL DEFAULT FLASH_CACHE DEFAULT CELL_FLASH_CACHE DEFAULT)
  TABLESPACE "SYSTEM" ;
--------------------------------------------------------
--  DDL for Index MN_PK
--------------------------------------------------------

  CREATE UNIQUE INDEX "WIKS"."MN_PK" ON "WIKS"."MANAGERS" ("MANAGERID") 
  PCTFREE 10 INITRANS 2 MAXTRANS 255 COMPUTE STATISTICS 
  STORAGE(INITIAL 65536 NEXT 1048576 MINEXTENTS 1 MAXEXTENTS 2147483645
  PCTINCREASE 0 FREELISTS 1 FREELIST GROUPS 1 BUFFER_POOL DEFAULT FLASH_CACHE DEFAULT CELL_FLASH_CACHE DEFAULT)
  TABLESPACE "SYSTEM" ;
--------------------------------------------------------
--  DDL for Index OR_PK
--------------------------------------------------------

  CREATE UNIQUE INDEX "WIKS"."OR_PK" ON "WIKS"."ORDERS" ("ORDERID") 
  PCTFREE 10 INITRANS 2 MAXTRANS 255 COMPUTE STATISTICS 
  STORAGE(INITIAL 65536 NEXT 1048576 MINEXTENTS 1 MAXEXTENTS 2147483645
  PCTINCREASE 0 FREELISTS 1 FREELIST GROUPS 1 BUFFER_POOL DEFAULT FLASH_CACHE DEFAULT CELL_FLASH_CACHE DEFAULT)
  TABLESPACE "SYSTEM" ;
--------------------------------------------------------
--  DDL for Index PRL_PK
--------------------------------------------------------

  CREATE UNIQUE INDEX "WIKS"."PRL_PK" ON "WIKS"."PRISELIST" ("PRISELISTID") 
  PCTFREE 10 INITRANS 2 MAXTRANS 255 COMPUTE STATISTICS 
  STORAGE(INITIAL 65536 NEXT 1048576 MINEXTENTS 1 MAXEXTENTS 2147483645
  PCTINCREASE 0 FREELISTS 1 FREELIST GROUPS 1 BUFFER_POOL DEFAULT FLASH_CACHE DEFAULT CELL_FLASH_CACHE DEFAULT)
  TABLESPACE "SYSTEM" ;
--------------------------------------------------------
--  DDL for Index ST_PK
--------------------------------------------------------

  CREATE UNIQUE INDEX "WIKS"."ST_PK" ON "WIKS"."STOCK" ("STOCKID") 
  PCTFREE 10 INITRANS 2 MAXTRANS 255 COMPUTE STATISTICS 
  STORAGE(INITIAL 65536 NEXT 1048576 MINEXTENTS 1 MAXEXTENTS 2147483645
  PCTINCREASE 0 FREELISTS 1 FREELIST GROUPS 1 BUFFER_POOL DEFAULT FLASH_CACHE DEFAULT CELL_FLASH_CACHE DEFAULT)
  TABLESPACE "SYSTEM" ;
--------------------------------------------------------
--  DDL for Index SP_PK
--------------------------------------------------------

  CREATE UNIQUE INDEX "WIKS"."SP_PK" ON "WIKS"."SUPPLIERS" ("SUPPLIERID") 
  PCTFREE 10 INITRANS 2 MAXTRANS 255 COMPUTE STATISTICS 
  STORAGE(INITIAL 65536 NEXT 1048576 MINEXTENTS 1 MAXEXTENTS 2147483645
  PCTINCREASE 0 FREELISTS 1 FREELIST GROUPS 1 BUFFER_POOL DEFAULT FLASH_CACHE DEFAULT CELL_FLASH_CACHE DEFAULT)
  TABLESPACE "SYSTEM" ;
--------------------------------------------------------
--  DDL for Index UI_PK
--------------------------------------------------------

  CREATE UNIQUE INDEX "WIKS"."UI_PK" ON "WIKS"."USERINF" ("USERINFID") 
  PCTFREE 10 INITRANS 2 MAXTRANS 255 COMPUTE STATISTICS 
  STORAGE(INITIAL 65536 NEXT 1048576 MINEXTENTS 1 MAXEXTENTS 2147483645
  PCTINCREASE 0 FREELISTS 1 FREELIST GROUPS 1 BUFFER_POOL DEFAULT FLASH_CACHE DEFAULT CELL_FLASH_CACHE DEFAULT)
  TABLESPACE "SYSTEM" ;
--------------------------------------------------------
--  DDL for Index US_PK
--------------------------------------------------------

  CREATE UNIQUE INDEX "WIKS"."US_PK" ON "WIKS"."USERSS" ("USERID") 
  PCTFREE 10 INITRANS 2 MAXTRANS 255 COMPUTE STATISTICS 
  STORAGE(INITIAL 65536 NEXT 1048576 MINEXTENTS 1 MAXEXTENTS 2147483645
  PCTINCREASE 0 FREELISTS 1 FREELIST GROUPS 1 BUFFER_POOL DEFAULT FLASH_CACHE DEFAULT CELL_FLASH_CACHE DEFAULT)
  TABLESPACE "SYSTEM" ;
--------------------------------------------------------
--  Constraints for Table BASCKET
--------------------------------------------------------

  ALTER TABLE "WIKS"."BASCKET" MODIFY ("USERID" NOT NULL ENABLE);
  ALTER TABLE "WIKS"."BASCKET" ADD CONSTRAINT "BS_PK" PRIMARY KEY ("BASCKETID")
  USING INDEX PCTFREE 10 INITRANS 2 MAXTRANS 255 COMPUTE STATISTICS 
  STORAGE(INITIAL 65536 NEXT 1048576 MINEXTENTS 1 MAXEXTENTS 2147483645
  PCTINCREASE 0 FREELISTS 1 FREELIST GROUPS 1 BUFFER_POOL DEFAULT FLASH_CACHE DEFAULT CELL_FLASH_CACHE DEFAULT)
  TABLESPACE "SYSTEM"  ENABLE;
--------------------------------------------------------
--  Constraints for Table CATEGORIES
--------------------------------------------------------

  ALTER TABLE "WIKS"."CATEGORIES" ADD CONSTRAINT "CT_PK" PRIMARY KEY ("CATEGORYID")
  USING INDEX PCTFREE 10 INITRANS 2 MAXTRANS 255 COMPUTE STATISTICS 
  STORAGE(INITIAL 65536 NEXT 1048576 MINEXTENTS 1 MAXEXTENTS 2147483645
  PCTINCREASE 0 FREELISTS 1 FREELIST GROUPS 1 BUFFER_POOL DEFAULT FLASH_CACHE DEFAULT CELL_FLASH_CACHE DEFAULT)
  TABLESPACE "SYSTEM"  ENABLE;
  ALTER TABLE "WIKS"."CATEGORIES" MODIFY ("CATEGORYNAME" NOT NULL ENABLE);
--------------------------------------------------------
--  Constraints for Table GUEST
--------------------------------------------------------

  ALTER TABLE "WIKS"."GUEST" ADD CONSTRAINT "GS_PK" PRIMARY KEY ("GUESTID")
  USING INDEX PCTFREE 10 INITRANS 2 MAXTRANS 255 COMPUTE STATISTICS 
  STORAGE(INITIAL 65536 NEXT 1048576 MINEXTENTS 1 MAXEXTENTS 2147483645
  PCTINCREASE 0 FREELISTS 1 FREELIST GROUPS 1 BUFFER_POOL DEFAULT FLASH_CACHE DEFAULT CELL_FLASH_CACHE DEFAULT)
  TABLESPACE "SYSTEM"  ENABLE;
  ALTER TABLE "WIKS"."GUEST" MODIFY ("CATEGORYID" NOT NULL ENABLE);
--------------------------------------------------------
--  Constraints for Table ITEMINBASCKET
--------------------------------------------------------

  ALTER TABLE "WIKS"."ITEMINBASCKET" ADD CONSTRAINT "IIB_PK" PRIMARY KEY ("ITEMINBASCKETID")
  USING INDEX PCTFREE 10 INITRANS 2 MAXTRANS 255 COMPUTE STATISTICS 
  STORAGE(INITIAL 65536 NEXT 1048576 MINEXTENTS 1 MAXEXTENTS 2147483645
  PCTINCREASE 0 FREELISTS 1 FREELIST GROUPS 1 BUFFER_POOL DEFAULT FLASH_CACHE DEFAULT CELL_FLASH_CACHE DEFAULT)
  TABLESPACE "SYSTEM"  ENABLE;
  ALTER TABLE "WIKS"."ITEMINBASCKET" MODIFY ("ITEMID" NOT NULL ENABLE);
  ALTER TABLE "WIKS"."ITEMINBASCKET" MODIFY ("BASCKETID" NOT NULL ENABLE);
--------------------------------------------------------
--  Constraints for Table ITEMORDER
--------------------------------------------------------

  ALTER TABLE "WIKS"."ITEMORDER" MODIFY ("ITEMINBASCKETID" NOT NULL ENABLE);
  ALTER TABLE "WIKS"."ITEMORDER" MODIFY ("ORDERID" NOT NULL ENABLE);
  ALTER TABLE "WIKS"."ITEMORDER" ADD CONSTRAINT "IO_PK" PRIMARY KEY ("ITEMORDERID")
  USING INDEX PCTFREE 10 INITRANS 2 MAXTRANS 255 COMPUTE STATISTICS 
  STORAGE(INITIAL 65536 NEXT 1048576 MINEXTENTS 1 MAXEXTENTS 2147483645
  PCTINCREASE 0 FREELISTS 1 FREELIST GROUPS 1 BUFFER_POOL DEFAULT FLASH_CACHE DEFAULT CELL_FLASH_CACHE DEFAULT)
  TABLESPACE "SYSTEM"  ENABLE;
--------------------------------------------------------
--  Constraints for Table ITEMS
--------------------------------------------------------

  ALTER TABLE "WIKS"."ITEMS" ADD CONSTRAINT "IT_PK" PRIMARY KEY ("ITEMID")
  USING INDEX PCTFREE 10 INITRANS 2 MAXTRANS 255 COMPUTE STATISTICS 
  STORAGE(INITIAL 65536 NEXT 1048576 MINEXTENTS 1 MAXEXTENTS 2147483645
  PCTINCREASE 0 FREELISTS 1 FREELIST GROUPS 1 BUFFER_POOL DEFAULT FLASH_CACHE DEFAULT CELL_FLASH_CACHE DEFAULT)
  TABLESPACE "SYSTEM"  ENABLE;
  ALTER TABLE "WIKS"."ITEMS" MODIFY ("CATEGORYID" NOT NULL ENABLE);
  ALTER TABLE "WIKS"."ITEMS" MODIFY ("SUPPLIERID" NOT NULL ENABLE);
  ALTER TABLE "WIKS"."ITEMS" MODIFY ("PRISELISTID" NOT NULL ENABLE);
  ALTER TABLE "WIKS"."ITEMS" MODIFY ("ITEMNAME" NOT NULL ENABLE);
--------------------------------------------------------
--  Constraints for Table MANAGERS
--------------------------------------------------------

  ALTER TABLE "WIKS"."MANAGERS" ADD CONSTRAINT "MN_PK" PRIMARY KEY ("MANAGERID")
  USING INDEX PCTFREE 10 INITRANS 2 MAXTRANS 255 COMPUTE STATISTICS 
  STORAGE(INITIAL 65536 NEXT 1048576 MINEXTENTS 1 MAXEXTENTS 2147483645
  PCTINCREASE 0 FREELISTS 1 FREELIST GROUPS 1 BUFFER_POOL DEFAULT FLASH_CACHE DEFAULT CELL_FLASH_CACHE DEFAULT)
  TABLESPACE "SYSTEM"  ENABLE;
  ALTER TABLE "WIKS"."MANAGERS" MODIFY ("EMAIL" NOT NULL ENABLE);
  ALTER TABLE "WIKS"."MANAGERS" MODIFY ("PASSWORDMN" NOT NULL ENABLE);
  ALTER TABLE "WIKS"."MANAGERS" MODIFY ("LOGIN" NOT NULL ENABLE);
  ALTER TABLE "WIKS"."MANAGERS" MODIFY ("FULLNAME" NOT NULL ENABLE);
--------------------------------------------------------
--  Constraints for Table ORDERS
--------------------------------------------------------

  ALTER TABLE "WIKS"."ORDERS" ADD CONSTRAINT "OR_PK" PRIMARY KEY ("ORDERID")
  USING INDEX PCTFREE 10 INITRANS 2 MAXTRANS 255 COMPUTE STATISTICS 
  STORAGE(INITIAL 65536 NEXT 1048576 MINEXTENTS 1 MAXEXTENTS 2147483645
  PCTINCREASE 0 FREELISTS 1 FREELIST GROUPS 1 BUFFER_POOL DEFAULT FLASH_CACHE DEFAULT CELL_FLASH_CACHE DEFAULT)
  TABLESPACE "SYSTEM"  ENABLE;
  ALTER TABLE "WIKS"."ORDERS" MODIFY ("SUMM" NOT NULL ENABLE);
  ALTER TABLE "WIKS"."ORDERS" MODIFY ("INVOICENUMBER" NOT NULL ENABLE);
  ALTER TABLE "WIKS"."ORDERS" MODIFY ("ARRIVEDATA" NOT NULL ENABLE);
  ALTER TABLE "WIKS"."ORDERS" MODIFY ("ORDERDATA" NOT NULL ENABLE);
  ALTER TABLE "WIKS"."ORDERS" MODIFY ("MANEGERID" NOT NULL ENABLE);
  ALTER TABLE "WIKS"."ORDERS" MODIFY ("STOCKID" NOT NULL ENABLE);
  ALTER TABLE "WIKS"."ORDERS" MODIFY ("BASCKETID" NOT NULL ENABLE);
--------------------------------------------------------
--  Constraints for Table PRISELIST
--------------------------------------------------------

  ALTER TABLE "WIKS"."PRISELIST" ADD CONSTRAINT "PRL_PK" PRIMARY KEY ("PRISELISTID")
  USING INDEX PCTFREE 10 INITRANS 2 MAXTRANS 255 COMPUTE STATISTICS 
  STORAGE(INITIAL 65536 NEXT 1048576 MINEXTENTS 1 MAXEXTENTS 2147483645
  PCTINCREASE 0 FREELISTS 1 FREELIST GROUPS 1 BUFFER_POOL DEFAULT FLASH_CACHE DEFAULT CELL_FLASH_CACHE DEFAULT)
  TABLESPACE "SYSTEM"  ENABLE;
  ALTER TABLE "WIKS"."PRISELIST" MODIFY ("PRISEDATE" NOT NULL ENABLE);
  ALTER TABLE "WIKS"."PRISELIST" MODIFY ("PRISE" NOT NULL ENABLE);
--------------------------------------------------------
--  Constraints for Table STOCK
--------------------------------------------------------

  ALTER TABLE "WIKS"."STOCK" ADD CONSTRAINT "ST_PK" PRIMARY KEY ("STOCKID")
  USING INDEX PCTFREE 10 INITRANS 2 MAXTRANS 255 COMPUTE STATISTICS 
  STORAGE(INITIAL 65536 NEXT 1048576 MINEXTENTS 1 MAXEXTENTS 2147483645
  PCTINCREASE 0 FREELISTS 1 FREELIST GROUPS 1 BUFFER_POOL DEFAULT FLASH_CACHE DEFAULT CELL_FLASH_CACHE DEFAULT)
  TABLESPACE "SYSTEM"  ENABLE;
  ALTER TABLE "WIKS"."STOCK" MODIFY ("PHONE" NOT NULL ENABLE);
  ALTER TABLE "WIKS"."STOCK" MODIFY ("ADRESS" NOT NULL ENABLE);
--------------------------------------------------------
--  Constraints for Table SUPPLIERS
--------------------------------------------------------

  ALTER TABLE "WIKS"."SUPPLIERS" ADD CONSTRAINT "SP_PK" PRIMARY KEY ("SUPPLIERID")
  USING INDEX PCTFREE 10 INITRANS 2 MAXTRANS 255 COMPUTE STATISTICS 
  STORAGE(INITIAL 65536 NEXT 1048576 MINEXTENTS 1 MAXEXTENTS 2147483645
  PCTINCREASE 0 FREELISTS 1 FREELIST GROUPS 1 BUFFER_POOL DEFAULT FLASH_CACHE DEFAULT CELL_FLASH_CACHE DEFAULT)
  TABLESPACE "SYSTEM"  ENABLE;
  ALTER TABLE "WIKS"."SUPPLIERS" MODIFY ("PHONE" NOT NULL ENABLE);
  ALTER TABLE "WIKS"."SUPPLIERS" MODIFY ("ADRESS" NOT NULL ENABLE);
  ALTER TABLE "WIKS"."SUPPLIERS" MODIFY ("SUPPLYITEMCOST" NOT NULL ENABLE);
  ALTER TABLE "WIKS"."SUPPLIERS" MODIFY ("SUPPLIERNAME" NOT NULL ENABLE);
--------------------------------------------------------
--  Constraints for Table USERINF
--------------------------------------------------------

  ALTER TABLE "WIKS"."USERINF" MODIFY ("USERID" NOT NULL ENABLE);
  ALTER TABLE "WIKS"."USERINF" ADD CONSTRAINT "UI_PK" PRIMARY KEY ("USERINFID")
  USING INDEX PCTFREE 10 INITRANS 2 MAXTRANS 255 COMPUTE STATISTICS 
  STORAGE(INITIAL 65536 NEXT 1048576 MINEXTENTS 1 MAXEXTENTS 2147483645
  PCTINCREASE 0 FREELISTS 1 FREELIST GROUPS 1 BUFFER_POOL DEFAULT FLASH_CACHE DEFAULT CELL_FLASH_CACHE DEFAULT)
  TABLESPACE "SYSTEM"  ENABLE;
  ALTER TABLE "WIKS"."USERINF" MODIFY ("ADRESS" NOT NULL ENABLE);
  ALTER TABLE "WIKS"."USERINF" MODIFY ("FULLNAME" NOT NULL ENABLE);
--------------------------------------------------------
--  Constraints for Table USERSS
--------------------------------------------------------

  ALTER TABLE "WIKS"."USERSS" ADD CONSTRAINT "US_PK" PRIMARY KEY ("USERID")
  USING INDEX PCTFREE 10 INITRANS 2 MAXTRANS 255 COMPUTE STATISTICS 
  STORAGE(INITIAL 65536 NEXT 1048576 MINEXTENTS 1 MAXEXTENTS 2147483645
  PCTINCREASE 0 FREELISTS 1 FREELIST GROUPS 1 BUFFER_POOL DEFAULT FLASH_CACHE DEFAULT CELL_FLASH_CACHE DEFAULT)
  TABLESPACE "SYSTEM"  ENABLE;
  ALTER TABLE "WIKS"."USERSS" MODIFY ("EMAIL" NOT NULL ENABLE);
  ALTER TABLE "WIKS"."USERSS" MODIFY ("USERPASSWORD" NOT NULL ENABLE);
  ALTER TABLE "WIKS"."USERSS" MODIFY ("LOGIN" NOT NULL ENABLE);
--------------------------------------------------------
--  Ref Constraints for Table BASCKET
--------------------------------------------------------

  ALTER TABLE "WIKS"."BASCKET" ADD CONSTRAINT "BS_FK" FOREIGN KEY ("USERID")
	  REFERENCES "WIKS"."USERSS" ("USERID") ENABLE;
--------------------------------------------------------
--  Ref Constraints for Table GUEST
--------------------------------------------------------

  ALTER TABLE "WIKS"."GUEST" ADD CONSTRAINT "GS_FK" FOREIGN KEY ("CATEGORYID")
	  REFERENCES "WIKS"."CATEGORIES" ("CATEGORYID") ON DELETE CASCADE ENABLE;
--------------------------------------------------------
--  Ref Constraints for Table ITEMINBASCKET
--------------------------------------------------------

  ALTER TABLE "WIKS"."ITEMINBASCKET" ADD CONSTRAINT "IIB_FK1" FOREIGN KEY ("BASCKETID")
	  REFERENCES "WIKS"."BASCKET" ("BASCKETID") ON DELETE CASCADE ENABLE;
  ALTER TABLE "WIKS"."ITEMINBASCKET" ADD CONSTRAINT "IIB_FK2" FOREIGN KEY ("ITEMID")
	  REFERENCES "WIKS"."ITEMS" ("ITEMID") ON DELETE CASCADE ENABLE;
--------------------------------------------------------
--  Ref Constraints for Table ITEMORDER
--------------------------------------------------------

  ALTER TABLE "WIKS"."ITEMORDER" ADD CONSTRAINT "IO_FK1" FOREIGN KEY ("ORDERID")
	  REFERENCES "WIKS"."ORDERS" ("ORDERID") ON DELETE CASCADE ENABLE;
  ALTER TABLE "WIKS"."ITEMORDER" ADD CONSTRAINT "IO_FK2" FOREIGN KEY ("ITEMINBASCKETID")
	  REFERENCES "WIKS"."ITEMINBASCKET" ("ITEMINBASCKETID") ON DELETE CASCADE ENABLE;
--------------------------------------------------------
--  Ref Constraints for Table ITEMS
--------------------------------------------------------

  ALTER TABLE "WIKS"."ITEMS" ADD CONSTRAINT "IT_FK1" FOREIGN KEY ("PRISELISTID")
	  REFERENCES "WIKS"."PRISELIST" ("PRISELISTID") ON DELETE CASCADE ENABLE;
  ALTER TABLE "WIKS"."ITEMS" ADD CONSTRAINT "IT_FK2" FOREIGN KEY ("SUPPLIERID")
	  REFERENCES "WIKS"."SUPPLIERS" ("SUPPLIERID") ON DELETE CASCADE ENABLE;
  ALTER TABLE "WIKS"."ITEMS" ADD CONSTRAINT "IT_FK3" FOREIGN KEY ("CATEGORYID")
	  REFERENCES "WIKS"."CATEGORIES" ("CATEGORYID") ON DELETE CASCADE ENABLE;
--------------------------------------------------------
--  Ref Constraints for Table ORDERS
--------------------------------------------------------

  ALTER TABLE "WIKS"."ORDERS" ADD CONSTRAINT "OR_FK1" FOREIGN KEY ("BASCKETID")
	  REFERENCES "WIKS"."BASCKET" ("BASCKETID") ON DELETE CASCADE ENABLE;
  ALTER TABLE "WIKS"."ORDERS" ADD CONSTRAINT "OR_FK2" FOREIGN KEY ("STOCKID")
	  REFERENCES "WIKS"."STOCK" ("STOCKID") ON DELETE CASCADE ENABLE;
  ALTER TABLE "WIKS"."ORDERS" ADD CONSTRAINT "OR_FK3" FOREIGN KEY ("MANEGERID")
	  REFERENCES "WIKS"."MANAGERS" ("MANAGERID") ON DELETE CASCADE ENABLE;
--------------------------------------------------------
--  Ref Constraints for Table USERINF
--------------------------------------------------------

  ALTER TABLE "WIKS"."USERINF" ADD CONSTRAINT "UI_FK" FOREIGN KEY ("USERID")
	  REFERENCES "WIKS"."USERSS" ("USERID") ENABLE;
